{
    "material_cost": 21768.32838721074,
    "labor_cost": 4000.0,
    "finishing_cost": 2500.0,
    "subtotal": 28268.32838721074,
    "overhead": 2826.832838721074,
    "cost_after_overhead": 31095.161225931814,
    "profit": 6219.032245186363,
    "final_quotation_price": 37314.193471118175
}